{"cameraMode":{"drawMode":0,"name":"Shaded","section":"Shading Mode"},"sceneLighting":true,"audioPlay":false,"sceneViewState":{"showFog":true,"showMaterialUpdate":false,"showSkybox":true,"showFlares":true,"showImageEffects":true,"showParticleSystems":true},"in2DMode":false,"pivot":{"x":-1.4040398597717286,"y":-1.9343585968017579,"z":-3.7091007232666017},"rotation":{"x":-0.457728773355484,"y":0.033859699964523318,"z":-0.01744415983557701,"w":-0.8882832527160645},"size":18.252058029174806,"orthographic":false}